https://github.com/apache/hadoop/commit/71a81b6257c0000475ad62eb69292a20d45d269c,consolidate encryption zone related implementation into a single class,Preventive Change,preventive,,,consolidate into single,,
https://github.com/apache/hadoop/commit/c890c51a916894a985439497b8a44e8eee82d762,avoid sharing allocatorpercontext object in localdirallocator between shufflehandler and localdirshandlerservice,Preventive Change,preventive,mismatch,,In between,avoid,
https://github.com/apache/hadoop/commit/7c5c099324d9168114be2f1233d49fdb65a8c1f2,keep server related definition in hdfsproto on server side,Preventive Change,preventive,,,keep on,,
https://github.com/apache/hadoop/commit/63d9f1596c92206cce3b72e3214d2fb5f6242b90,separate client and server side methods of oahhdfsnamenodeproxies,Preventive Change,preventive,,,separate,,
https://github.com/apache/hadoop/commit/06022b8fdc40e50eaac63758246353058e8cfa6d,move hdfs-client protobuf convert methods from pbhelper to pbhelperclient,Preventive Change,preventive,,,move from,,
https://github.com/apache/hadoop/commit/083b44c136ea5aba660fcd1dddbb2d21513b4456,class could use a builder pattern (chris trezzo via mingma),Perfective Change,preventive,mismatch,,builder pattern,use,
https://github.com/apache/hadoop/commit/76957a485b526468498f93e443544131a88b5684,replace namenodedefault_port with hdfsclientconfigkeysdfs_namenode_rpc_port_default config key,Preventive Change,preventive,,,replace with,,
https://github.com/apache/hadoop/commit/715b9c649982bff91d1f9eae656ba3b82178e1a3,move replication queues related methods in fsnamesystem to blockmanager,preventive Change ,preventive,,,move to,,
https://github.com/apache/hadoop/commit/d16c4eee186492608ffeb1c2e83f437000cc64f6,move oahhdfsprotocoldatatransferpipelineack class to hadoop-hdfs-client module,Preventive Change,preventive,,,move to,,
https://github.com/apache/hadoop/commit/095ab9ab5fa5f415fba41fee81b6008cf0455af8,removed unused applicationaclsmanager in containermanagerimpl constructor (naganarasimha g r via rohithsharmaks),Preventive Change,preventive,,,removed unused,,
https://github.com/apache/hadoop/commit/6d12cd8d609dec26d44cece9937c35b7d72a3cd1,extract blocktomarkcorrupt and replicationwork as standalone classes from blockmanager,Perfective Change,preventive,mismatch,,extract from,,
https://github.com/apache/hadoop/commit/4e9307f26dd41270f95fb50166e1a091852e4d58,extract blocktomarkcorrupt and replicationwork as standalone classes from blockmanager,Perfective Change,preventive,mismatch,,,,
https://github.com/apache/hadoop/commit/80a2a1242337648135cab0c877203263d1092248,remove the deprecated fsconstants class,preventive Change,preventive,,,remove deprecated,,
https://github.com/apache/hadoop/commit/7fc50e2525b8b8fe36d92e283a68eeeb09c63d21,move dfsclientwrite* conf from dfsconfigkeys to hdfsclientconfigkeyswrite,preventive Change,preventive,,,move from,,
https://github.com/apache/hadoop/commit/36e4cd3be6f7fec8db82d3d1bcb258af470ece2e,move blocktokensecretmanageraccessmode into blocktokenidentifier,preventive Change,preventive,,,move into,,
https://github.com/apache/hadoop/commit/2cc9514ad643ae49d30524743420ee9744e571bd,refactor dfsclientconf to a standalone class and separates short-circuit related conf to shortcircuitconf,preventive Change,preventive,,,refactored to separates,,
https://github.com/apache/hadoop/commit/c931a3c7760e417f593f5e73f4cf55f6fe1defc5,move corruptfileblockiterator to a new hdfsclientimpl package,preventive Change,preventive,,,move to,new,
https://github.com/apache/hadoop/commit/ab04ff9efe632b4eca6faca7407ac35e00e6a379,separate json related routines used by webhdfsfilesystem to a package local class,preventive Change,preventive,,,separate,used,
https://github.com/apache/hadoop/commit/4be648b55c1ce8743f6e0ea1683168e9ed9c3ee4,move dfsclientretry* confs from dfsconfigkeys to hdfsclientconfigkeysretry,preventive Change,preventive,,,move from,,
https://github.com/apache/hadoop/commit/5763b173d34dcf7372520076f00b576f493662cd,refactor for improved,preventive Change,preventive,mismatch,,refactor for,improve,
https://github.com/apache/hadoop/commit/a16bfff71bd7f00e06e1f59bfe5445a154bb8c66,separate class datastreamer out of dfsoutputstream,preventive Change,preventive,,,separate out,,
https://github.com/apache/hadoop/commit/b375d1fc936913edf4a75212559f160c41043906,deprecated methods in orgapachehadoopexamplessort,preventive Change,preventive,,,deprecated,,
https://github.com/apache/hadoop/commit/7a678db3accf9480f3799dcf6fd7ffef09a311cc,consolidate classes in hadoop-mapreduce-client-jobclient and hadoop-mapreduce-client-core,,preventive,,,consolidate in,,
https://github.com/apache/hadoop/commit/75ead273bea8a7dad61c4f99c3a16cab2697c498,use timemonotonicnow() wherever applicable instead of timenow(),preventive Change,preventive,,,instead of,use applicable,
https://github.com/apache/hadoop/commit/93d0f4acc8454b7a460da8883fbd14f14a575370,move to fifo package,preventive Change,preventive,,,move to,,
https://github.com/apache/hadoop/commit/952640fa4cbdc23fe8781e5627c2e8eab565c535,separate class packet from dfsoutputstream,preventive Change,preventive,,,separate from,,
https://github.com/apache/hadoop/commit/430b5371883e22abb65f37c3e3d4afc3f421fc89,combine two block_file_prefix constants into one,preventive Change,preventive,,,combine into,,
https://github.com/apache/hadoop/commit/c66c3ac6bf9f63177279feec3f2917e4b882e2bc,refactor into it's own class (chris trezzo via kasha),preventive Change,preventive,,,refactor into,,
https://github.com/apache/hadoop/commit/e2262d3d18c6d5c2aa20f96920104dc07271b869,use jackson instead jetty json in hdfs-client,preventive Change,preventive,,,instead,use,
https://github.com/apache/hadoop/commit/773b6515ac51af3484824bd6f57685a9726a1e70,remove httpclient dependency from hadoop-yarn-server-web-proxy,preventive Change,preventive,,,remove dependency,,
https://github.com/apache/hadoop/commit/17d1202c35a1992eab66ea05dfd2baf219a17aec,initial cache manager structure and context (chris trezzo via kasha),perfective,preventive,,test,structure,,
https://github.com/apache/hadoop/commit/e96ce6f3e3e549202ce3c48d4733ba34098870ad,separate ciphersuite from crypto protocol version (wang),preventive Change,preventive,,test,separate from,,
https://github.com/apache/hadoop/commit/1737950d0fc83c68f386881b843c41b0b1e342de,move ciphersuite xattr information up to the encryption zone root,preventive Change,preventive,mismatch,test,move ,,
https://github.com/apache/hadoop/commit/33ce887c20ec806ace02063e42599c3db76b536a,refactor encryptionzonewithid and encryptionzone (clamb via wang),preventive Change,preventive,,test,refactor,,
https://github.com/apache/hadoop/commit/6b8b1608e64e300e4e1d23c60476febaca29ca38,merging generic-history into the timeline store (,preventive Change,preventive,,test,merging into,,
https://github.com/apache/hadoop/commit/52a8b4db92a35598006103c59a2ff93afc5312ee,native-task: remove custommodule examples in nativetask (seanzhong),preventive Change,preventive,,test,remove,,
https://github.com/apache/hadoop/commit/1081d9cee23aa661d7c9165bc9855865a38b528e,native-task: interface annotations and other misc cleanup,preventive Change,preventive,mismatch,test,cleanup,,
https://github.com/apache/hadoop/commit/7b3e27ab7393214e35a575bc9093100e94dd8c89,move rm recovery related proto to yarn_server_resourcemanager_recoveryproto,preventive Change,preventive,,test,move,,
https://github.com/apache/hadoop/commit/69b75fca7aec5f5cbf79bc7db3915119cef69e65,remove keyprovider in encryptionzonemanager (wang),preventive Change,preventive,,test,remove,,
https://github.com/apache/hadoop/commit/2a3bccddd939ee0d6941aa2d22edc67dea85fe35,remove the delete encryption zone function (clamb),preventive Change,preventive,,test,remove,,
https://github.com/apache/hadoop/commit/31617733aca2025cff1ffb841a533a5b1de016a5,rename restrictions for encryption zones (clamb),preventive Change,preventive,,test,rename,,
https://github.com/apache/hadoop/commit/6023da8ef92f56d919f4b0638eb87efaa7ed4036,removing two zero java files,preventive Change,preventive,,test,removing,,
https://github.com/apache/hadoop/commit/dbf14320c093991d2ca97b3608efe1c3c0af9888,simplify datanode rollback and downgrade (,preventive Change,preventive,mismatch,test,simplify,,
https://github.com/apache/hadoop/commit/17262470246232d0f0651d627a4961e55b1efe6a,fair scheduler configuration should allow resource types in the minresources and maxresources properties (daniel templeton and szilard nemeth via haibo chen),Perfective Change,perfective,mismatch,,should allow,,
https://github.com/apache/hadoop/commit/4e7c6a653f108d44589f84d78a03d92ee0e8a3c3,prevent nn's unrecoverable death spiral after full gc (daryn sharp via colin p<prd> mccabe),Perfective Change,perfective,mismatch,,prevent unrecoverable,,
https://github.com/apache/hadoop/commit/83e99d06d0e5a71888aab33e9ae47460e9f1231f,improve error message for haadmin when multiple name service ids are configured,Perfective Change,perfective,,,improve,error,
https://github.com/apache/hadoop/commit/df31c446bfa628bee9fab88addcfec5a13edda30,allow securityutil to lookup alternate hostnames (,Perfective Change,perfective,,,allow lookup,,
https://github.com/apache/hadoop/commit/97a08807ec328a6f455d941fe3d9a469d885caa6,yarn client uses local address instead of rm address as token renewer in a secure cluster when rm ha is enabled,Corrective Change,perfective,mismatch,,uses instead,,
https://github.com/apache/hadoop/commit/89cab1ba5f0671f8ef30dbe7432079c18362b434,capacityscheduler side changes to support container resize,Perfective Change,perfective,mismatch,,changes to support,,
https://github.com/apache/hadoop/commit/c57eac5dfe277845ab4522a1188023a73ee41539,recovery support for container resizing,Perfective Change,perfective,,,recovery support for,,
https://github.com/apache/hadoop/commit/c3dc1af072574f5890a8d43e4d60526951b4b8bc,rm-nm protocol changes and nodestatusupdater implementation to support container resizing,"preventive Change, perfective change",perfective,mismatch,,implementation to support,protocol chnages,
https://github.com/apache/hadoop/commit/5f5a968d65c44a831176764439e00db9203999ed,containerimpl changes to support container resizing,Perfective Change,perfective,mismatch,,changes to support,,
https://github.com/apache/hadoop/commit/ffd820c27a4f8cf4676ad8758696ed89fde80218,containermanager implementation to support container resizing,perfective Change,perfective,,,implementation to support,,
https://github.com/apache/hadoop/commit/9bc913a35c46e65d373c3ae3f01a377e16e8d0ca,rmnode state transition update with decommissioning state (junping du via wangda),Perfective Change,perfective,mismatch,,update,,
https://github.com/apache/hadoop/commit/92c1af1646b1d91a2ab7821e4f7d450e3b6e10bb,dn should reserve disk space for a full block when creating tmp files (,Corrective Change,perfective,mismatch,,should reserve,,
https://github.com/apache/hadoop/commit/34ef1a092bcab369bb845481efffb8c47adef53a,yarn logs -am should provide an option to fetch all the log files,Confused,perfective,,,should provide,,
https://github.com/apache/hadoop/commit/ce69c9b54c642cfbe789fc661cfc7dcbb07b4ac5,datanode metrics logging (,Preventive Change,perfective,mismatch,,,,
https://github.com/apache/hadoop/commit/ae5308fe1d08479da0f3929cc6a57816411e9121,expose app/am/queue's node-label-expression to rm web ui / cli / rest-api (naganarasimha g r via wangda),Confused,perfective,,test,expose to,,
https://github.com/apache/hadoop/commit/7b5cf5352efedc7d7ebdbb6b58f1b9a688812e75,make so_rcvbuf and so_sndbuf size configurable for datatransferprotocol sockets and allow configuring auto-tuning (he tianyi via colin p<prd> mccabe),Perfective Change,perfective,,test,make allow,,
https://github.com/apache/hadoop/commit/a40342b0dab1f9137ae4b3679a5aca7f2a57d23d,initialize file system-wide quota once on transitioning to active,Confused,perfective,,test,initialize,,
https://github.com/apache/hadoop/commit/6dd6ca442aba8612c3780399a42bb473e4483021,allow aggregated log readers to handle har files (rkanter),Perfective Change,perfective,,test,allow handle,,
https://github.com/apache/hadoop/commit/119cc75e7ebd723790f6326498383304aba384a2,create a tool to combine aggregated logs into har files (robert kanter via kasha),perfective Change,perfective,,test,create,,
https://github.com/apache/hadoop/commit/0f0e897bf1ff8383f3f524ba83161969531b0772,add a command to get the balancer bandwidth (,preventive Change,perfective,mismatch,test,add to get,,
https://github.com/apache/hadoop/commit/4d13335fc93780126bab35de92a640fa31b204d9,introduce a new config specifically for safe mode block count,Perfective Change,perfective,mismatch,test,introduce new,,
https://github.com/apache/hadoop/commit/94cf7ab9d28a885181afeb2c181dfe857d158254,add a metric to expose the timestamp of the last journal (,Perfective Change,perfective,mismatch,test,add,,
https://github.com/apache/hadoop/commit/6f72f1e6003ab11679bebeb96f27f1f62b3b3e02,added a proxy service in nm to proxy the the communication between am and rm,Perfective Change,perfective,mismatch,test,added,,
https://github.com/apache/hadoop/commit/40d222e862063dc6c474cc6e8de0dce6c4395012,rm webservices missing scheme for appattempts loglinks,Confused,perfective,,test,missing scheme,,
https://github.com/apache/hadoop/commit/8fa41d9dd4b923bf4141f019414a1a8b079124c6,improve choosing datanode storage for block placement (yliu),perfective Change,perfective,,test,improve,,
https://github.com/apache/hadoop/commit/bdbe53c676dd4ff135ea2f64d3b9193fe43d7c8e,namenode support for protected directories (,Perfective Change,perfective,mismatch,test,support for,,
https://github.com/apache/hadoop/commit/b6ceee9bf42eec15891f60a014bbfa47e03f563c,improve quota initialization performance,perfective Change,perfective,,test,improve performance,,
https://github.com/apache/hadoop/commit/a9c8ea71aa427ff5f25caec98be15bc880e578a7,support admin cli interface in for application priority,Perfective Change,perfective,,test,support for,,
https://github.com/apache/hadoop/commit/f271d377357ad680924d19f07e6c8315e7c89bae,add rmstatestore apis to store and load accepted reservations for failover (adhoot via asuresh),perfective Change,perfective,,test,add,,
https://github.com/apache/hadoop/commit/3cd02b95224e9d43fd63a4ef9ac5c44f113f710d,configurably turn off the saving of container info in generic ahs (eric payne via jeagles),Perfective Change,perfective,,test,turn off,,
https://github.com/apache/hadoop/commit/8ddbb8dd433862509bd9b222dddafe2c3a74778a,provide each replica details in fsck (,Perfective Change,perfective,mismatch,test,provide,,
https://github.com/apache/hadoop/commit/6779467ab6fcc6a02d0e8c80b138cc9df1aa831e,display attempt start time and elapsed time on the web ui,Perfective Change,perfective,mismatch,test,display on,,
https://github.com/apache/hadoop/commit/9595cc003ca5ed3d59b6942056a4fcb9080f79c9,a block placement policy with best rack failure tolerance,confused,perfective,,test,policy with,,
https://github.com/apache/hadoop/commit/1b89a3e173f8e905074ed6714a7be5c003c0e2c4,add node label expression in containertokenidentifier to support rm recovery,Perfective Change,perfective,,test,add to support,,
https://github.com/apache/hadoop/commit/0fefda645bca935b87b6bb8ca63e6f18340d59f5,capacityscheduler side changes to support non-exclusive node labels,Perfective Change,perfective,,test,changes to support,,
https://github.com/apache/hadoop/commit/18a3dad44afd8061643fffc5bbe50fa66e47b72c,support reporting per storage type quota and usage with hadoop/hdfs shell (,Perfective Change,perfective,,test,support,,
https://github.com/apache/hadoop/commit/838b06ac87339494cea706d4a97e7f5383bdc442,create a 'resourcehandler' subsystem to ease addition of support for new resource types on the nm,Perfective Change,perfective,mismatch,test,create,,
https://github.com/apache/hadoop/commit/577d755e4bf72d6adedeba51be01ff5f3f028de0,add a 'yarn top' tool to help understand cluster usage,Perfective Change,perfective,mismatch,test,add tool,,
https://github.com/apache/hadoop/commit/92431c961741747b5d6442f4025016d48d9a6863,nm need to notify the log aggregation status to rm through node heartbeat,Perfective Change,perfective,mismatch,test,need to,,
https://github.com/apache/hadoop/commit/afa5d4715a3aea2a6e93380b014c7bb8f0880383,track and display capacity scheduler health metrics in web ui,Perfective Change,perfective,,test,track display,,
https://github.com/apache/hadoop/commit/b1e059089d6a5b2b7006d7d384c6df81ed268bd9,initialize block report ids with a random number,Perfective Change,perfective,mismatch,test,initialize,,
https://github.com/apache/hadoop/commit/1e72d98c69bef3526cf0eb617de69e0b6d2fc13c,output hdfs path in platform-specific format,confused,perfective,,test,output,,
https://github.com/apache/hadoop/commit/571a1ce9d037d99e7c9042bcb77ae7a2c4daf6d3,add annotation to hdfs client implementation,Perfective Change,perfective,mismatch,test,add implementation,,
https://github.com/apache/hadoop/commit/d27e9241e8676a0edb2d35453cac5f9495fcd605,allow dumping of capacity scheduler logs via web ui for a fixed time period,Perfective Change,perfective,mismatch,test,allow dumping,,
https://github.com/apache/hadoop/commit/ce635733144456bce6bcf8664c5850ef6b60aa49,support jwt tokens for web single sign on to the hadoop servers (larry mccay via omalley),Perfective Change,perfective,,test,support for,,
https://github.com/apache/hadoop/commit/bad070fe15a642cc6f3a165612fbd272187e03cb,add errors and warning metrics page to rm nm web ui (varun vasudev via wangda),Perfective Change,perfective,mismatch,test,add,,
https://github.com/apache/hadoop/commit/867d5d2675b8fb73c40fac1e581b02b005459d95,'reportbadblocks' from datanodes to standby node bpserviceactor goes for infinite loop (,Perfective Change,perfective,mismatch,test,goes for,,
https://github.com/apache/hadoop/commit/4728bdfa15809db4b8b235faa286c65de4a48cf6,display count of nodes blacklisted by apps in the web ui,Perfective Change,perfective,mismatch,test,display on,,
https://github.com/apache/hadoop/commit/b5a22e983832d4843b5df1d07858988e8bbf37e3,fairscheduler: need to add more logging to investigate allocations,Adaptive change,perfective,mismatch,test,need add,,
https://github.com/apache/hadoop/commit/3d0708bdb0a75af3d87bbac9f6c4ffbcabab98ca,getcontentsummary api and its namenode implementation for storage type quota/usage (,confused,perfective,,test,implementation,,
https://github.com/apache/hadoop/commit/fc1031af749435dc95efea6745b1b2300ce29446,scanning blocks from disk during rolling upgrade startup takes a lot of time if disks are busy,corrective Change,perfective,,test,takes,,
https://github.com/apache/hadoop/commit/e4b8d9e72d54d4725bf2a902452459b6b243b2e9,allow authenticationfilters to load secret from signature secret files,Perfective Change,perfective,mismatch,test,allow to load,,
https://github.com/apache/hadoop/commit/53a28afe293e5bf185c8d4f2c7aea212e66015c2,plugin interface to enable delegation of hdfs authorization assertions,Perfective Change,perfective,mismatch,test,enable,,
https://github.com/apache/hadoop/commit/50ee8f4e67a66aa77c5359182f61f3e951844db6,the full block report should prune zombie storages even if they're not empty,confused,perfective,,test,should prune,,
https://github.com/apache/hadoop/commit/e1feb4ea1a532d680d6ca69b55ffcae1552d64f0,add non-exclusive node label api,Perfective Change,perfective,,test,add,,
https://github.com/apache/hadoop/commit/9d72f939759f407796ecb4715c2dc2f0d36d5578,print usage for terasort job,Perfective Change,perfective,mismatch,test,usage for,,
https://github.com/apache/hadoop/commit/658097d6da1b1aac8e01db459f0c3b456e99652f,improve scheduler ui to facilitate scheduling analysis and contributed rohith sharmaks,perfective Change,perfective,mismatch,test,improve,,
https://github.com/apache/hadoop/commit/487374b7fe0c92fc7eb1406c568952722b5d5b15,capacityscheduler should pass headroom from parent to children to make sure parentqueue obey its capacity limits,Perfective Change,perfective,mismatch,test,should pass,,
https://github.com/apache/hadoop/commit/d324164a51a43d72c02567248bd9f0f12b244a40,pb encoding of block reports is very inefficient,Perfective Change,perfective,mismatch,test,inefficient,,
https://github.com/apache/hadoop/commit/863079bb874ba77918ca1c0741eae10e245995c8,added additional apis in logaggregationcontext to avoid aggregating running logs of application when rolling is enabled,Perfective Change,perfective,mismatch,test,added,,
https://github.com/apache/hadoop/commit/aa92b764a7ddb888d097121c4d610089a0053d11,speed up for many output files (siqi li via gera),perfective Change,perfective,,test,speed up,,
https://github.com/apache/hadoop/commit/c3003eba6f9802f15699564a5eb7c6e34424cb14,outstanding_resource_requests table should not be shown in ahs,Perfective Change,perfective,mismatch,,shown,should not,
https://github.com/apache/hadoop/commit/d6e05c5ee26feefc17267b7c9db1e2a3dbdef117,made timelineclient put methods do as the correct login context,Perfective Change,perfective,mismatch,,made do correct,,
https://github.com/apache/hadoop/commit/95bfd087dc89e57a93340604cc8b96042fa1a05a,synchronize rm and timelineserver web-uis,Perfective Change,perfective,mismatch,,,,
https://github.com/apache/hadoop/commit/138c9cadee32da4d17be9835461bde646825d8d5,created a yarn cluster cli and seeded with one command for listing node-labels collection,"perfective Change, preventive change",perfective,,,created,,
https://github.com/apache/hadoop/commit/1b672096121fef775572b517d4f5721997abbac6,add a 'kill application' button to resource manager's web ui,Perfective Change,perfective,mismatch,,add,kill,
https://github.com/apache/hadoop/commit/722b4794693d8bad1dee0ca5c2f99030a08402f9,datanodeid hashcode should not be mutable,Perfective Change,perfective,mismatch,,,should not,
https://github.com/apache/hadoop/commit/ed70fa142cabdbc1065e4dbbc95e99c8850c4751,utilize snapshot diff report for distcp,perfective Change,perfective,mismatch,,utilize for,,
https://github.com/apache/hadoop/commit/e17e5ba9d7e2bd45ba6884f59f8045817594b284,surface container locality info in rm web ui (jian he via wangda),Perfective Change,perfective,mismatch,,,,
https://github.com/apache/hadoop/commit/67ed59348d638d56e6752ba2c71fdcd69567546d,add blockopresponseproto's message to the exception messages,Perfective Change,perfective,mismatch,,add to,,
https://github.com/apache/hadoop/commit/8ca0d957c4b1076e801e1cdce5b44aa805de889c,rm nm jobhistoryserver and webappproxyserver's main() should support generic options,perfective Change,perfective,,,should support,,
https://github.com/apache/hadoop/commit/71385f9b70e22618db3f3d2b2c6dca3b1e82c317,add support for load balancing across a group of kms for ha,Perfective Change,perfective,mismatch,,add support for,,
https://github.com/apache/hadoop/commit/d140d76a43c88e326b9c2818578f22bd3563b969,provide storage tier information for a directory via fsck (benoy antony),Perfective Change,perfective,mismatch,,provide for,,
https://github.com/apache/hadoop/commit/02e7dec79d2d4f2b801435343219d8fb53ec931f,additional metrics in hdfs to be accessed via jmx,Perfective Change,perfective,mismatch,,additional,,
https://github.com/apache/hadoop/commit/ce5bf927c3d9f212798de1bf8706e5e9def235a1,clarify application states on the web ui (jian he via wangda),Perfective Change,perfective,mismatch,,clarify,,
https://github.com/apache/hadoop/commit/a64dd3d24bfcb9af21eb63869924f6482b147fd3,rm should handle nmcontainerstatuses sent by nm while registering if nm is reconnected node,Perfective Change,perfective,mismatch,,should handle,,
https://github.com/apache/hadoop/commit/d49ae725d5fa3eecf879ac42c42a368dd811f854,add api/implementation to yarnclient to retrieve label-to-node mapping (varun saxena via wangda),Perfective Change,perfective,mismatch,,add to,,
https://github.com/apache/hadoop/commit/b38e52b5e8f2b2ad91c2c8c4eabc232ee4753ca0,add config key to restrict setstoragepolicy (arpit agarwal),Perfective Change,perfective,mismatch,,add to,,
https://github.com/apache/hadoop/commit/55302ccfba199ddf070119be30df06afd2511e05,allow dynamically changing the tracing level in hadoop servers (cmccabe),perfective Change,perfective,,,allow changing,,
https://github.com/apache/hadoop/commit/662fc11ae7ccea9d05dfe54b2a794bb08cfd70a4,make mr client ignore unknown counters received from am,confused,perfective,,,make ignore,,
https://github.com/apache/hadoop/commit/1861b32eb551a07d748afc6205ea9573f9503eda,add command line option to ask datanode reload configuration (lei xu via colin mccabe),Perfective Change,perfective,mismatch,,add to,,
https://github.com/apache/hadoop/commit/e0b1dc514f1b9e26b21d97ece0d94cd9c827fc59,improve diagnostics on storage directory rename operations by using in,perfective Change,perfective,,,improve,rename,
https://github.com/apache/hadoop/commit/428a76663a0de5d0d74cc9525273ddc470760e44,add a tool to list all the existing block storage policies,Perfective Change,perfective,mismatch,,add tool to,,
https://github.com/apache/hadoop/commit/073bbd805c6680f47bbfcc6e8efd708ad729bca4,add new distributedfilesystem api for getting all the existing storage policies,Perfective Change,perfective,mismatch,,add new for,,
https://github.com/apache/hadoop/commit/5338ac416ab8ab3e7e0a7bfb4a53151fc457f673,added the log handling apis for the long running services,Perfective Change,perfective,mismatch,,added handling for,,
https://github.com/apache/hadoop/commit/0a641496c706fc175e7bf66d69ebf71c7d078e84,ensure all completed containers are reported to the ams across rm restart,perfective Change,perfective,,,ensure,,
https://github.com/apache/hadoop/commit/376233cdd4a4ddbde5a92a0627f78338cb4c38b7,made mr headroom calculation honor cpu dimension when yarn scheduler resource type is memory plus cpu,perfective Change,perfective,,,made honor,,
https://github.com/apache/hadoop/commit/7039b98e1c459e9e0d8caa28cdaa2868e2bde2eb,enable distributedcache for uber-mode jobs,perfective Change,perfective,mismatch,,enable,,
https://github.com/apache/hadoop/commit/db890eef3208cc557476fa510f7a253ba22bc68a,kms delegation token secret manager should be able to use zookeeper as store (asuresh via tucu),perfective Change,perfective,,,able use store,,
https://github.com/apache/hadoop/commit/8e73084491c9f317bc8cc3590f93ca67a63687a8,clients are always sent to the same datanode when read is off rack (wang),Perfective Change,perfective,mismatch,,,,
https://github.com/apache/hadoop/commit/fe38d2e9b5ac7e13f97cd2d3d2a984ab6bbaaf77,refresh data volumes on datanode based on configuration changes (lei xu via colin patrick mccabe),Perfective Change,perfective,mismatch,,,changes,
https://github.com/apache/hadoop/commit/2c3da25fd718b3a9c1ed67f05b577975ae613f4e,improved shuffle error handling across nm restarts,perfective Change,perfective,,,improve handling,error,
https://github.com/apache/hadoop/commit/485c96e3cb9b0b05d6e490b4773506da83ebc61d,added a time threshold for rm to wait before starting container allocations after restart/failover,perfective Change,perfective,,,added starting,,
https://github.com/apache/hadoop/commit/ea4e2e843ecadd8019ea35413f4a34b97a424923,create an xattr that disallows the hdfs admin from accessing a file (clamb via wang),Perfective Change,perfective,mismatch,,create disallows,,
https://github.com/apache/hadoop/commit/8a7671d7539bff0566cb87f2b347f71bcf148977,"revert kms should support signing cookies with zookeeper secret manager (tucu)""",confused,perfective,,,support,,
https://github.com/apache/hadoop/commit/90a0c03f0a696d32e871a5da4560828edea8cfa9,generic history service should support application-acls (,perfective Change,perfective,,,support, service,
https://github.com/apache/hadoop/commit/56119fec96abbcc44c5dd82fdb694d2c3b53feb3,adding tracing to datanode data transfer protocol (iwasakims via cmccabe),Perfective Change,perfective,mismatch,,adding,,
https://github.com/apache/hadoop/commit/8e5d6713cf16473d791c028cecc274fd2c7fd10b,"add a parameter ""attempt_failures_validity_interval"" into distributedshell",Perfective Change,perfective,mismatch,,add,,
https://github.com/apache/hadoop/commit/932ae036acb96634c5dd435d57ba02ce4d5e8918,authenticationfilter should support externalizing the secret for signing and provide rotation support (rkanter via tucu),perfective Change,perfective,mismatch,,support provide,,
https://github.com/apache/hadoop/commit/83be3ad44484bf8a24cb90de4b9c26ab59d226a8,capture aggregate memory allocation at the app-level for chargeback,perfective Change,perfective,,,capture,,
https://github.com/apache/hadoop/commit/b02a4b40610e93eef6559db09a11d287e859446d,kms: add acls on per key basis (tucu),perfective Change,perfective,,,add,,
https://github.com/apache/hadoop/commit/df8c84cba8512058f5097c6faeedf4b65cab3806,kmsclientprovider should drain the local generated eek cache on key rollover (tucu),Perfective Change,perfective,mismatch,,,,
https://github.com/apache/hadoop/commit/0974f434c47ffbf4b77a8478937fd99106c8ddbd,updated to parse epoch,perfective Change,perfective,,,updated,,
https://github.com/apache/hadoop/commit/22a41dce4af4d5b533ba875b322551db1c152878,add more for data migration and replicaion,perfective Change,perfective,,,add more,migration,
https://github.com/apache/hadoop/commit/c6107f566ff01e9bfee9052f86f6e5b21d5e89f3,distcp data between two ha clusters requires another configuration,Perfective Change,perfective,mismatch,,requires,,
https://github.com/apache/hadoop/commit/185200e7096d15a5c2c2d59b7c7705362820aebf,archival storage: support set/get storage policy in dfsadmin,Adaptive Changes,perfective,mismatch,,support,,
https://github.com/apache/hadoop/commit/6104520369045dfaa4b543cbad21236ed322249b,use single editlog record for creating file + overwrite,Perfective Change,perfective,mismatch,,Use creating,,
https://github.com/apache/hadoop/commit/91d45f0f017281c8ab7ac858aa5d618accb9ea44,enable cross origin filter for timeline server only and not all yarn servers (mit desai via jeagles),perfective Change,perfective,,,enable,,
https://github.com/apache/hadoop/commit/70b218748badf079c859c3af2b468a0b7b49c333,http server/client utils to propagate and recreate exceptions from server to client (tucu),confused,perfective,,,propagate recreate,,
https://github.com/apache/hadoop/commit/d9a03e272adbf3e9fde501610400f18fb4f6b865,kms should have a blacklist for decrypting eeks (asuresh via tucu),confused,perfective,,,have,,
https://github.com/apache/hadoop/commit/a0ccf83dfd6bff81944d6855652eae7f7f7b0ba9,with crypto no native lib systems are too verbose,confused,perfective,,,,no,
https://github.com/apache/hadoop/commit/3e2a0b5446bce51871ab3e1262a0ac6bd365e94f,archival storage: should always return the storage policy,Perfective Change,perfective,mismatch,,latest,,
https://github.com/apache/hadoop/commit/5c14bc426b4be381383018ebc2236be83eef15cd,changed rmnode/schedulernode to update resource with event notification,Perfective Change,perfective,mismatch,,changed update,,
https://github.com/apache/hadoop/commit/270a271f53f52a1f33e63a0520ae6032536dd4c6,fair scheduler: display dynamic fair share for queues on the scheduler page (ashwin shankar and wei yan via kasha),Perfective Change,perfective,mismatch,,fair,,
https://github.com/apache/hadoop/commit/15366d922772afaa9457ed946533cdf4b5d01e2f,validate sleepjob command line parameters,Perfective Change,perfective,mismatch,,validate,,
https://github.com/apache/hadoop/commit/a26aa6bd0716da89853566961390d711511084e3,archival storage: add retry and termination logic for mover,perfective Change,perfective,,,add retry terminate,,
https://github.com/apache/hadoop/commit/603cbe5eead655a56cbb6bdbfa1414c9b05e2bbc,archival storage: support migration for snapshot paths,perfective Change,perfective,,,support,migration,
https://github.com/apache/hadoop/commit/5d5aae0694bc27df5b9fa50819854cd3050a8658,archival storage: add a new data migration tool,Adaptive Changes,perfective,mismatch,,add new,migration,
https://github.com/apache/hadoop/commit/9b250d74f029f8ccf3a613f9fb74f59838a66ec1,support storage policy on directories and include storage policy in hdfsfilestatus,perfective Change,perfective,mismatch,,support include,,
https://github.com/apache/hadoop/commit/37207b75d4b83f7c032dc446d5c7e578f5b7e93a,archival storage: add a new api to set storage policy,Adaptive Changes,perfective,mismatch,,add new,,
https://github.com/apache/hadoop/commit/1fa2d6c4ba780e0093f9379f627ba2a2abd6f827,improve the configuration guidance in dfsclient when there are no codec classes found in configs,perfective Change,perfective,,,improve,no found,
https://github.com/apache/hadoop/commit/041b8326a1511b721958792a6b94ecfe27d7a1fb,add support to distcp to preserve raw* namespace extended attributes (clamb),perfective Change,perfective,,,add support preserve,extended,
https://github.com/apache/hadoop/commit/74059536928beafed48a6a55a3b0146256d51f90,add more hdfs encryption (wang),confused,perfective,,,need recheck,,
https://github.com/apache/hadoop/commit/b9e4be452349317619f8f7641e51f2493f499b29,decrypt edek before creating cryptoinputstream/cryptooutputstream (wang),perfective Change,perfective,,,creating,,
https://github.com/apache/hadoop/commit/7b466b3b7087a7b8c6e4e466600f6e13284e0dee,update usage of keyprovidercryptoextension apis on namenode (wang),perfective Change,perfective,,,update usage,,
https://github.com/apache/hadoop/commit/4f1fae88f8ac8273d1d17f05becb0c4075f84c1e,add block storage policy support with default hot warm and cold policies,perfective Change,perfective,,,add support,,
https://github.com/apache/hadoop/commit/905c90b066503c966ff78e3d1add57f4aff6e9c6,implement high-performance secure random number sources (yi liu via colin patrick mccabe),perfective Change,perfective,,,implement,,
https://github.com/apache/hadoop/commit/d79f27b429410daa6770a51867d7ecea728dff89,namenode needs to get the actual keys and iv from the keyprovider (wang),confused,perfective,,,need to get,,
https://github.com/apache/hadoop/commit/95986dd2fb4527c43fa4c088c61fb7b4bd794d23,support for encrypting intermediate data and spills in local filesystem (asuresh via tucu),adaptive change,perfective,mismatch,,support for,,
https://github.com/apache/hadoop/commit/51b97a1396a4cb32aaa08b451985a6af236c0c4b,server negotiation of cipher suite (wang),confused,perfective,,,enough,not,
https://github.com/apache/hadoop/commit/2efea952139b30dd1c881eed0b443ffa72be6dce,get the key/iv from the namenode for encrypted files in dfsclient,confused,perfective,,,enough,not,
https://github.com/apache/hadoop/commit/26763657999765d08cc2de609d5f7860dfd14137,hdfs cli admin tool for creating & deleting an encryption zone (clamb),perfective Change,perfective,mismatch,,tool for,,
https://github.com/apache/hadoop/commit/bdee397e95e98ece071345822e2e4d3f690f09c3,wire crypto streams for encrypted files in dfsclient (clamb and yliu),confused,perfective,,,wire for,,
https://github.com/apache/hadoop/commit/b20180ffa6c89396d9fcfec8b029b9c600503c3d,crypto input and output streams implementing hadoop stream interfaces,perfective Change,perfective,,,implementing,,
https://github.com/apache/hadoop/commit/aa8a6e498a66b992047aea710fb3c3f9472969f4,add rollingupgrade information to ui,perfective Change,perfective,,,add to,,
https://github.com/apache/hadoop/commit/c69cc31adcd7cce3deb383d461cfc55f275f0ba3,use datanodelayoutversion for dn registration check and do not verify layout version if there is a rolling upgrade in progress,Confused,perfective,,,use for upgrade,do not,version
https://github.com/apache/hadoop/commit/fa6e59891c6125ae83fd601dbbcf928685f5dbfd,improve datanode startup time,perfective Change,perfective,,,improve,,
https://github.com/apache/hadoop/commit/bc962d6df470e3de18df3a4fd9f8a9853953bda1,add rolling upgrade information to fsimage, and disallow upgrade and rolling upgrade to be started simultaneously  ,perfective Change,perfective,mismatch,add upgrade to,,
https://github.com/apache/hadoop/commit/470d4253b246670f220eec81dd617ba0ee979623,support rollback of rolling upgrade in namenode and journalnodes,Perfective Change,perfective,,,support of upgrade,,
https://github.com/apache/hadoop/commit/9830ef0d32a9dc63f459f28123381981df20280d,provide admin commands for data node upgrade,Perfective Change,perfective,,,provide for upgrade,,
https://github.com/apache/hadoop/commit/1a68f13521e6902943bea7b16369ac9a4e6943f5,provide admin commands for data node upgrade,Perfective Change,perfective,,,provide for upgrade,,
https://github.com/apache/hadoop/commit/ea0b21af158016651cb77560778834eb95e6b68d,optimize the fsimage layout for acls,Perfective Change,perfective,,,optimze for,,
https://github.com/apache/hadoop/commit/dd2eb97ddd0c0994e0858de1af07c8bea18f8a05,add configuration flag to disable/enable support for acls,perfective Change,perfective,mismatch,,add to support for,,
https://github.com/apache/hadoop/commit/c89c516b95f45e04af55d9030043a42e2d07b02b,namenode: implement default acl handling,perfective Change,perfective,mismatch,,implement,,
https://github.com/apache/hadoop/commit/c780454413caffbc37a02c4252eb5ec7abe57f97,when starting rolling upgrade or nn restarts nn should create a checkpoint right before the upgrade marker,Perfective Change,perfective,,,should create upgrade,,
https://github.com/apache/hadoop/commit/4f92eb2f613e4de59c2d31a563e16aba4846c61a,add rolling upgrade status to heartbeat response,Perfective Change,perfective,mismatch,,add upgrade,,
https://github.com/apache/hadoop/commit/14f1f76bf609704d36a1699c05fa85750cefe917,namenode: implement handling of acls in combination with snapshots,Perfective Change,perfective,mismatch,,implement,,
https://github.com/apache/hadoop/commit/7a03dc0482d28b8d5741f633f305bd3afb7a572b,webhdfs: implement acl apis,Perfective Change,perfective,mismatch,,implement,,
https://github.com/apache/hadoop/commit/917502ef316447d282304f70d170a4686a4c7834,add a new option for starting namenode when rolling upgrade is in progress,Perfective Change,perfective,,,add new for upgrade,,
https://github.com/apache/hadoop/commit/d8bc523754181b4c1321bcfab886ebf228d9c98f,add new nn startup options for downgrade and rollback using upgrade marker,Perfective Change,perfective,,,add new for upgrade downgrade rollback,,
https://github.com/apache/hadoop/commit/09b8ce5b442489739694a2ebac4e342f6d2e2ac0,support query and finalize actions of rolling upgrade,Perfective Change,perfective,mismatch,,support of upgrade,,
https://github.com/apache/hadoop/commit/6a52febfbd97f3b54318e07d4918cea2a9292f53,namenode: change all permission checks to enforce acls in addition to permissions contributued by chris nauroth,Perfective Change,perfective,mismatch,,change enforce addition,,
https://github.com/apache/hadoop/commit/5300294fbe9e235ce42253d6bcd69d8154d8f198,namenode: complete implementation of inode modifications for acls,Perfective Change,perfective,mismatch,,complete implementation for,,
https://github.com/apache/hadoop/commit/4563ba08e75ecf09afe0d803b731fdde0657101b,support upgrade marker in editlog streams,Perfective Change,perfective,,,support upgrade,,
https://github.com/apache/hadoop/commit/8703301b466cbc37ef53a96a55bcf6412792d5cf,fix warnings in fsoutputsummertracer and directoryscanner$reportcompilercurrentthread,Corrective Change,corrective,,,fix warnings,,
https://github.com/apache/hadoop/commit/850d679acb935a6a6b0e6cb6f69d998e99395468,clean up some htrace integration issues (cmccabe),Corrective Change,corrective,mismatch,,integration issue,,
https://github.com/apache/hadoop/commit/715dbddf77866bb47a4b95421091f64a3785444f,thread leak in (uma maheswara rao g via yliu),Corrective Change,corrective,,,thread leak,,
https://github.com/apache/hadoop/commit/d3c49e76624b7e42a1321c649a1d7bb9906b3073,archive-logs tool may miss applications (rkanter),Confused,corrective,,test,miss applications,,
https://github.com/apache/hadoop/commit/a9aafad12b1d2f67e55e09a6fa261d61789c9d7e,running applications information changes such as movequeue is not published to timeline server (sunil g via rohithsharmaks),Confused,corrective,,test,not published,,
https://github.com/apache/hadoop/commit/692d51c09d3668cde47cc297296d095ddfa933a3,webappproxyservlet should not redirect to rm page if ahs is enabled,corrective Change,corrective,,test,should not redirect,,
https://github.com/apache/hadoop/commit/3f4275310203de4ccfb15337f3c503e25408a265,correctly handle snapshot path for getcontentsummary,Corrective Change,corrective,mismatch,test,correctly,,
https://github.com/apache/hadoop/commit/9b78e6e33d8c117c1e909df414f20d9db56efe4b,followup fixes after regarding rm behavior when state-store error occurs,corrective Change,corrective,,test,fixes error,,
https://github.com/apache/hadoop/commit/1dbd8e34a7d97c4d8586da79c980d8f2e0aad61d,resource localization on a bad disk causes subsequent containers failure,corrective Change,corrective,,test,bad failure,,
https://github.com/apache/hadoop/commit/bf669b6d9f8ba165e30b8823218d625a49958925,container shouldn't be killed when node's label updated,Perfective Change,corrective,mismatch,test,shouldn't,,
https://github.com/apache/hadoop/commit/7e971b7315fa2942b4db7ba11ed513766957b777,clean up checkstyle warnings in oahhdfsdfsclientconf,corrective Change,corrective,mismatch,test,,,
https://github.com/apache/hadoop/commit/dfc1c4c303cf15afc6c3361ed9d3238562f73cbd,using monotonicnow for block report scheduling causes failures on recently restarted systems (arpit agarwal),corrective Change,corrective,,test,failures,,
https://github.com/apache/hadoop/commit/497c86b485b1bb8a2eba52308646d8e1ee76bce3,fixed a synchronization problem of,corrective Change,corrective,,test,fixed problem,,
https://github.com/apache/hadoop/commit/fddd55279d0bdd08b3b40aba6fe2ded1d2e0d846,namenode failover during ha upgrade can cause datanode to finalize upgrade,confused,corrective,,test,failover,,
https://github.com/apache/hadoop/commit/1a495fbb489c9e9a23b341a52696d10e9e272b04,rolling upgrade is restoring blocks from trash multiple times (,corrective Change,corrective,mismatch,test,from trash,,
https://github.com/apache/hadoop/commit/90e07d55ace7221081a58a90e54b360ad68fa1ef,rm fails to start in non-secure mode due to authentication filter failure,corrective Change,corrective,,test,fails failure,,
https://github.com/apache/hadoop/commit/b351086ff66ca279c0550e078e3a9d110f3f36a5,potential resource leak in javakeystoreprovider due to unclosed stream (ozawa),corrective Change,corrective,,test,leak unclosed,,
https://github.com/apache/hadoop/commit/4170c99147b0cb6d561ff626cea140e0a061b314,clientservicedelegate should not retry upon authenticationexception,confused,corrective,,test,should not,,
https://github.com/apache/hadoop/commit/2bc097cd14692e6ceb06bff959f28531534eb307,fairscheduler handles invalid queue names inconsistently (zhihai xu via kasha),corrective Change,corrective,,,invalid inconsistently,,
https://github.com/apache/hadoop/commit/4e886eb9cbd2dcb128bbfd17309c734083093a4c,fixed missing data in localitytable and resourcerequests table in rm webui,corrective Change,corrective,,,fixed missing,,
https://github.com/apache/hadoop/commit/43b41f22411439c5e23629197fb2fde45dcf0f0f,inotify unable fetch pre-upgrade edit log segments once upgrade starts (zhe zhang via colin p<prd> mccabe),corrective Change,corrective,,,unable,,
https://github.com/apache/hadoop/commit/8c40e88d5de51a273f6ae5cd11c40f44248bbfcd,the webhdfs system on dn does not honor the length parameter,corrective Change,corrective,,,does not honor,,
https://github.com/apache/hadoop/commit/fc90bf7b27cc20486f2806670a14fd7d654b0a31,some instances of services using zkdelegationtokensecretmanager go down when old token cannot be deleted,corrective Change,corrective,,,go down,,
https://github.com/apache/hadoop/commit/32b43304563c2430c00bc3e142a962d2bc5f4d58,"revert fairscheduler: fix up outdated issues (kasha)""",confused,corrective,,,fix outdated issues,,
https://github.com/apache/hadoop/commit/3da9a97cfbcc3a1c50aaf85b1a129d4d269cd5fd,[jdk8] fix javadoc errors caused by incorrect or illegal tags in doc comments,corrective Change,corrective,,,fix erros incorrect illegal,,
https://github.com/apache/hadoop/commit/bc9cb3e271b22069a15ca110cd60c860250aaab2,the datanode can sometimes allocate a shortcircuitshm slot and fail to tell the dfsclient about it because of a network error (cmccabe),corrective Change,corrective,,,fail error,,
https://github.com/apache/hadoop/commit/32741cf3d25d85a92e3deb11c302cc2a718d71dd,"revert the datanode can sometimes allocate a shortcircuitshm slot and fail to tell the dfsclient about it because of a network error (cmccabe)"" (jenkins didn't run yet)",corrective Change,corrective,,,fail error,,
https://github.com/apache/hadoop/commit/5aa892ed486d42ae6b94c4866b92cd2b382ea640,the datanode can sometimes allocate a shortcircuitshm slot and fail to tell the dfsclient about it because of a network error (cmccabe),corrective Change,corrective,,,fail error,,
https://github.com/apache/hadoop/commit/5c1036d598051cf6af595740f1ab82092b0b6554,datanode does not release the volume lock when adding a volume fails (lei xu via colin p<prd> mccabe),confused,corrective,,,does not release lock fails,,
https://github.com/apache/hadoop/commit/64eb068ee8863da41df8db44bde1a9033198983d,delegatetofilesystem erroneously uses default fs's port in constructor (brahma reddy battula via gera),confused,corrective,,,erroneously uses,,
https://github.com/apache/hadoop/commit/42e3a805117ff7cb054c2442f7b0e0cc54be63ad,minikdc cannot change org_name or org_domain,confused,corrective,,,cannot change,,
https://github.com/apache/hadoop/commit/64443490d7f189e8e42d284615f3814ef751395a,regression: s3a auth setup broken (adam budde via stevel),corrective Change,corrective,,,broken,,
https://github.com/apache/hadoop/commit/14dd647c556016d351f425ee956ccf800ccb9ce2,fixed a deadlock in capacityscheduler by always passing a queue's available resource-limit from the parent queue,corrective Change,corrective,,,fixed deadlock,,
https://github.com/apache/hadoop/commit/cbf0ae742ae3db964550df11c4044d3e16013959,unsatisifedlinkerror with hadoop 24 jars on hadoop-26 due to nativecrc32 method changes,confused,corrective,,,error due to ,,
https://github.com/apache/hadoop/commit/951847ba94442b8d928435decfbea9ea20882912,yarnrunnergetjobstatus() fails with applicationnotfoundexception if the job rolled off the rm view,corrective Change,corrective,,,fails,,
https://github.com/apache/hadoop/commit/1cf31980474bf9ac28e51b6f014eae09eda9e15f,mapred hsadmin getgroups fails to connect in some cases,corrective Change,corrective,,,fails to connect,,
https://github.com/apache/hadoop/commit/9ea7b6c063c0bdd4551962e21d0173f671e9df03,submitted applications occasionally lack a tracking url,confused,corrective,,,occasionaly lack,,
https://github.com/apache/hadoop/commit/88e329fdfb27c11f1964c0345188bcf328c95fd6,generic history service rpc interface doesn't work when service authorization is enabled,corrective Change,corrective,,,doesn't work,,
https://github.com/apache/hadoop/commit/0d85f7e59146cc3e9a040c2203995f3efd8ed4eb,archival storage: fix and,corrective Change,corrective,,,fix,,
https://github.com/apache/hadoop/commit/bbff44cb03d0150f990acc3b77170893241cc282,using distcp to copy data between insecure and secure cluster via webdhfs doesn't work (yzhangal via tucu),corrective Change,corrective,,,doesn't work,,
https://github.com/apache/hadoop/commit/f949f6b54825dac61511a5761837e2fd14437239,fix dn upgrade with layout version change (arpit agarwal),corrective Change,corrective,,,fix upgrade,,
https://github.com/apache/hadoop/commit/f7df24bb1b4278d27f5c2b7fecf7b69be4302c7a,snapshotdiff report can hit indexoutofboundsexception when there are nested renamed directory/file,corrective Change,corrective,mismatch,,,can hit,
https://github.com/apache/hadoop/commit/8f1a668575d35bee11f4cd8173335be5352ec620,ossecurerandomsetconf() might leak file descriptors,Corrective Change,corrective,,,might leak,,
https://github.com/apache/hadoop/commit/432f641bc2f6c7fdb67da578233cbe07fdfbf1ea,native-task: should not fail to build if snappy is missing (manu zhang),Corrective Change,corrective,,,fails to build,,
https://github.com/apache/hadoop/commit/98983b2788508936ad489e61ff61cacfe73ab1b9,fix rolling upgrade documentation and error messages (,corrective Change,corrective,,,fix upgrade error,,
https://github.com/apache/hadoop/commit/329c7051817c956bfc64661f4e1349b7009a2747,fix warnings in rolling upgrade branch (,Corrective Change,corrective,,,fix warnings,,
https://github.com/apache/hadoop/commit/e891c55f8ba4ca8a751bb3a48cf1eaa03cab88bd,causes subsequent to fail (,Confused,corrective,,,causes fail,,
https://github.com/apache/hadoop/commit/d69985d90b9349228ab30622073c388dba296698,fix compilation error namenodelayoutversion and datanodelayoutversion after merge from trunk,Corrective Change,corrective,,,fix error,merge from,
https://github.com/apache/hadoop/commit/377424e36a25ab34bba9aaed5feaae9d293eb57f,fix rollback of rolling upgrade in namenode ha setup,Corrective Change,corrective,,,fix rollback,upgrade,
https://github.com/apache/hadoop/commit/cae96dfe6e7c57f927bd825711977ae9199776a9,fix parsing acl spec in fsshell setfacl,Corrective Change,corrective,,,fix bugs,,
https://github.com/apache/hadoop/commit/892ade689f9bcce76daae8f66fc00a49bee8548e,update htrace version to 401 (cmccabe),adaptive change,adaptive,,,update AAA version to,htrace,
https://github.com/apache/hadoop/commit/83a18add10ee937a04e833a66e0a4642e776e510,am-nm protocol changes to support container resizing cont,preventive,adaptive,mismatch,,AAA protocol changes,AM-NM ,
https://github.com/apache/hadoop/commit/dfe2cb849fcb273d32e840d8562eaaee904af054,am-rm protocol changes to support container resizing,adaptive change,adaptive,mismatch,,AAA protocol changes,AM-NM ,
https://github.com/apache/hadoop/commit/73e3a49eb0d58f08549dc6b7054eb5c1f62819dc,add admin api for supporting node resource configuration in command line (,adaptive change,adaptive,mismatch,,add BBB for supporting API,,
https://github.com/apache/hadoop/commit/5468baa80aa2a3e2a02e9a902deebafd734daf23,refactored current queue mapping implementation in capacityscheduler to use a generic placementmanager framework,adaptive change,adaptive,mismatch,,refactored to use BBB framework,PlacementManager,
https://github.com/apache/hadoop/commit/b469ac531af1bdda01a04ae0b8d39218ca292163,add rest api support for application priority,adaptive change,adaptive,,test,BBB api support,REST,
https://github.com/apache/hadoop/commit/d5403747b57b1e294e533ce17f197e7be8f5339c,update aws-sdk dependency to 1106 (thomas demoor via lei (eddy) xu),adaptive change,adaptive,,test,update AAA,Aws-sdk,
https://github.com/apache/hadoop/commit/44872b76fcc0ddfbc7b0a4e54eef50fe8708e0f5,integrate orderingpolicy framework with capacityscheduler (craig welch via wangda),adaptive change,adaptive,,test,integrate BBB framework,OrderingPolicy,
https://github.com/apache/hadoop/commit/e48cedc663b8a26fd62140c8e2907f9b4edd9785,support restful api for getlabelstonodes,adaptive change,adaptive,mismatch,test,support AAA API,RESTful,
https://github.com/apache/hadoop/commit/5004e753322084e42dfda4be1d2db66677f86a1e,create initial orderingpolicy framework and fifoorderingpolicy (craig welch via wangda),Perfective Change,adaptive,mismatch,test,BBB framework,OrderingPolicy,
https://github.com/apache/hadoop/commit/8180e676abb2bb500a48b3a0c0809d2a807ab235,timelineserver applies the acl rules after applying the limit on the number of records (chang li via jeagles),Adaptive Changes,adaptive,mismatch,test,applies BBB rules,,
https://github.com/apache/hadoop/commit/608ebd52bafecf980e9726d397c786a9c2422eba,upgrade azure sdk version from 060 to 200,Adaptive Changes,adaptive,,test,upgrade AAA version,,
https://github.com/apache/hadoop/commit/5af693fde26755b6f175bd65f93cf4a80de0d1e0,exposed the internal mapreduce job's information as a public api in distcp,Adaptive Changes,adaptive,mismatch,test,exposed BBB,API,
https://github.com/apache/hadoop/commit/6f0133039a064ca82363ac6f29fb255506f31b8a,workaround for curator's childreaper requiring guava 15+ (rkanter),Adaptive Changes,adaptive,mismatch,,requiring AAA,guava,
https://github.com/apache/hadoop/commit/9e9e9cf71100fe7ceebd5a5ac27b164059b708c9,add storagepolicy to nn edit log during file creation (arpit agarwal),Adaptive Changes,perfective,,,add creation,,
https://github.com/apache/hadoop/commit/d78b452a4f413c6931a494c33df0666ce9b44973,added the concept of a timeline domain to handle read/write acls on timeline service event data,Adaptive Changes,perfective,,probably not adaptive,added to handle,,
https://github.com/apache/hadoop/commit/24d920b80eb3626073925a1d0b6dcf148add8cc0,incorporate new s3a filesystem implementation,Adaptive Changes,adaptive,,,Incorporate AAA,S3A,
https://github.com/apache/hadoop/commit/beb0c19cde5db554c4a665cce0a16188070c6a7b,fall back aesctrcryptocodec implementation from openssl to jce if non native support (yliu),Adaptive Changes,adaptive,mismatch,,Fall back to AAA,JCE,
https://github.com/apache/hadoop/commit/bfef9807a08435822546dd66dc72531465f34743,implementation of aes-ctr cryptocodec using jni to openssl (hitliuyi via cmccabe),perfective Change,adaptive,mismatch,,using AAA,JNI,
